Date,Price,Open,High,Low,Volume,Change_pct
2022-06-27,3900.11,3920.76,3927.72,3889.66,,-0.3
2022-06-28,3821.55,3913.0,3945.86,3820.14,,-2.01
2022-06-29,3818.83,3825.09,3836.5,3799.02,,-0.07
2022-06-30,3785.38,3785.99,3818.99,3738.67,,-0.88
2022-07-01,3825.33,3781.0,3829.82,3752.1,,1.06
2022-07-05,3831.39,3792.61,3832.19,3742.06,,0.16
2022-07-06,3845.08,3831.98,3870.91,3809.37,,0.36
2022-07-07,3902.62,3858.85,3910.63,3858.85,,1.5
2022-07-08,3899.38,3888.26,3918.5,3869.34,,-0.08
2022-07-11,3854.43,3880.94,3880.94,3847.22,,-1.15
2022-07-12,3818.8,3851.95,3873.41,3802.36,,-0.92
2022-07-13,3801.78,3779.67,3829.44,3759.07,,-0.45
2022-07-14,3790.38,3763.99,3796.41,3721.56,,-0.3
2022-07-15,3863.16,3818.0,3863.62,3817.18,,1.92
2022-07-18,3830.85,3883.79,3902.44,3818.63,,-0.84
2022-07-19,3936.69,3860.73,3939.81,3860.73,,2.76
2022-07-20,3959.9,3935.32,3974.13,3922.03,,0.59
2022-07-21,3998.95,3955.47,3999.29,3927.64,,0.99
2022-07-22,3961.63,3998.43,4012.44,3938.86,,-0.93
2022-07-25,3966.84,3965.72,3975.3,3943.46,,0.13
2022-07-26,3921.05,3953.22,3953.22,3910.74,,-1.15
2022-07-27,4023.61,3951.43,4039.56,3951.43,,2.62
2022-07-28,4072.43,4026.13,4078.95,3992.97,,1.21
2022-07-29,4130.29,4087.33,4140.15,4079.22,,1.42
2022-08-01,4118.63,4112.38,4144.95,4096.02,,-0.28
2022-08-02,4091.19,4104.21,4140.47,4079.81,,-0.67
2022-08-03,4155.17,4107.96,4167.66,4107.96,,1.56
2022-08-04,4151.94,4154.85,4161.29,4135.42,,-0.08
2022-08-05,4145.19,4115.87,4151.58,4107.31,,-0.16
2022-08-08,4140.06,4155.93,4186.62,4128.97,,-0.12
2022-08-09,4122.47,4133.11,4137.3,4112.09,,-0.42
2022-08-10,4210.24,4181.02,4211.03,4177.26,,2.13
2022-08-11,4207.27,4227.4,4257.91,4201.41,,-0.07
2022-08-12,4280.15,4225.02,4280.47,4219.78,,1.73
2022-08-15,4297.14,4269.37,4301.79,4256.9,,0.4
2022-08-16,4305.2,4290.46,4325.28,4277.77,,0.19
2022-08-17,4274.04,4280.4,4302.18,4253.08,,-0.72
2022-08-18,4283.74,4273.13,4292.53,4261.98,,0.23
2022-08-19,4228.48,4266.31,4266.31,4218.7,,-1.29
2022-08-22,4137.99,4195.08,4195.08,4129.86,,-2.14
2022-08-23,4128.73,4133.09,4159.77,4124.03,,-0.22
2022-08-24,4140.77,4126.55,4156.56,4119.97,,0.29
2022-08-25,4199.12,4153.26,4200.54,4147.59,,1.41
2022-08-26,4057.66,4198.74,4203.04,4057.66,,-3.37
2022-08-29,4030.61,4034.58,4062.99,4017.42,,-0.67
2022-08-30,3986.16,4041.25,4044.98,3965.21,,-1.1
2022-08-31,3955.0,4000.67,4015.37,3954.53,,-0.78
2022-09-01,3966.85,3936.73,3970.23,3903.65,,0.3
2022-09-02,3924.26,3994.66,4018.43,3906.21,,-1.07
2022-09-06,3908.19,3930.89,3942.55,3886.75,,-0.41
2022-09-07,3979.87,3909.43,3987.89,3906.03,,1.83
2022-09-08,4006.18,3959.94,4010.5,3944.81,,0.66
2022-09-09,4067.36,4022.94,4076.81,4022.94,,1.53
2022-09-12,4110.41,4083.67,4119.28,4083.67,,1.06
2022-09-13,3932.69,4037.12,4037.12,3921.28,,-4.32
2022-09-14,3946.01,3940.73,3961.94,3912.18,,0.34
2022-09-15,3901.35,3932.41,3959.14,3888.28,,-1.13
2022-09-16,3873.33,3880.95,3880.95,3837.08,,-0.72
2022-09-19,3899.89,3849.91,3900.45,3838.5,,0.69
2022-09-20,3855.93,3875.23,3876.01,3827.54,,-1.13
2022-09-21,3789.93,3871.4,3907.07,3789.49,,-1.71
2022-09-22,3757.99,3782.36,3790.9,3749.45,,-0.84
2022-09-23,3693.23,3727.14,3727.14,3647.47,,-1.72
2022-09-26,3655.04,3682.72,3715.67,3644.76,,-1.03
2022-09-27,3647.29,3686.44,3717.53,3623.29,,-0.21
2022-09-28,3719.04,3651.94,3736.74,3640.61,,1.97
2022-09-29,3640.47,3687.01,3687.01,3610.4,,-2.11
2022-09-30,3585.62,3633.48,3671.44,3584.13,,-1.51
2022-10-03,3678.43,3609.78,3698.35,3604.93,,2.59
2022-10-04,3790.93,3726.46,3791.92,3726.46,,3.06
2022-10-05,3783.28,3753.25,3806.91,3722.66,,-0.2
2022-10-06,3744.52,3771.97,3797.93,3739.22,,-1.02
2022-10-07,3639.66,3706.74,3706.74,3620.73,,-2.8
2022-10-10,3612.39,3647.51,3652.17,3588.1,,-0.75
2022-10-11,3588.84,3595.86,3640.66,3568.45,,-0.65
2022-10-12,3577.03,3590.83,3608.34,3573.86,,-0.33
2022-10-13,3669.91,3520.37,3685.41,3491.58,,2.6
2022-10-14,3583.07,3690.41,3712.0,3579.68,,-2.37
2022-10-17,3677.95,3638.65,3689.73,3638.65,,2.65
2022-10-18,3719.98,3746.26,3762.79,3686.53,,1.14
2022-10-19,3695.16,3703.11,3728.58,3666.51,,-0.67
2022-10-20,3665.78,3689.05,3736.0,3656.44,,-0.8
2022-10-21,3752.75,3657.1,3757.89,3647.42,,2.37
2022-10-24,3797.34,3762.01,3810.74,3741.65,,1.19
2022-10-25,3859.11,3799.44,3862.85,3799.44,,1.63
2022-10-26,3830.6,3825.97,3886.15,3824.07,,-0.74
2022-10-27,3807.3,3834.69,3859.95,3803.79,,-0.61
2022-10-28,3901.06,3808.26,3905.42,3808.26,,2.46
2022-10-31,3871.98,3881.85,3893.73,3863.18,,-0.75
2022-11-01,3856.1,3901.79,3911.79,3843.8,,-0.41
2022-11-02,3759.69,3852.9,3894.44,3758.68,,-2.5
2022-11-03,3719.89,3733.25,3750.59,3698.15,,-1.06
2022-11-04,3770.55,3766.98,3796.34,3708.84,,1.36
2022-11-07,3806.8,3780.71,3813.95,3764.7,,0.96
2022-11-08,3828.11,3817.02,3859.4,3786.28,,0.56
2022-11-09,3748.57,3810.94,3818.2,3744.22,,-2.08
2022-11-10,3956.37,3859.89,3958.33,3859.89,,5.54
2022-11-11,3992.93,3963.72,4001.48,3944.82,,0.92
2022-11-14,3957.25,3977.97,4008.97,3956.4,,-0.89
2022-11-15,3991.73,4006.41,4028.84,3953.17,,0.87
2022-11-16,3958.79,3976.82,3983.09,3954.34,,-0.83
2022-11-17,3946.56,3919.26,3954.33,3906.54,,-0.31
2022-11-18,3965.34,3966.39,3979.89,3935.98,,0.48
2022-11-21,3949.94,3956.23,3962.0,3933.34,,-0.39
2022-11-22,4003.58,3965.51,4005.88,3956.88,,1.36
2022-11-23,4027.26,4000.3,4033.78,3998.66,,0.59
2022-11-25,4026.12,4023.34,4034.02,4020.76,,-0.03
2022-11-28,3963.94,4005.36,4012.27,3955.77,,-1.54
2022-11-29,3957.63,3964.19,3976.77,3937.65,,-0.16
2022-11-30,4080.11,3957.18,4080.11,3938.58,,3.09
2022-12-01,4076.57,4087.14,4100.51,4050.87,,-0.09
2022-12-02,4071.7,4040.17,4080.48,4026.63,,-0.12
2022-12-05,3998.84,4052.02,4052.45,3984.49,,-1.79
2022-12-06,3941.26,3996.63,4001.51,3918.39,,-1.44
2022-12-07,3933.92,3933.28,3957.57,3922.68,,-0.19
2022-12-08,3963.51,3947.79,3974.19,3935.83,,0.75
2022-12-09,3934.38,3954.17,3977.02,3933.04,,-0.73
2022-12-12,3990.56,3939.29,3990.71,3935.3,,1.43
2022-12-13,4019.65,4069.38,4100.96,3993.03,,0.73
2022-12-14,3995.32,4015.54,4053.76,3965.65,,-0.61
2022-12-15,3895.75,3958.37,3958.37,3879.45,,-2.49
2022-12-16,3852.36,3890.91,3890.91,3827.91,,-1.11
2022-12-19,3817.66,3853.79,3854.86,3800.04,,-0.9
2022-12-20,3821.62,3810.47,3838.24,3795.62,,0.1
2022-12-21,3878.44,3839.49,3889.82,3839.49,,1.49
2022-12-22,3822.39,3853.26,3853.26,3764.49,,-1.45
2022-12-23,3844.82,3815.11,3845.8,3797.01,,0.59
2022-12-27,3829.25,3843.34,3846.65,3813.22,,-0.4
2022-12-28,3783.22,3829.56,3848.32,3780.78,,-1.2
2022-12-29,3849.28,3805.45,3858.19,3805.45,,1.75
2022-12-30,3839.5,3829.06,3839.85,3800.34,,-0.25
2023-01-03,3824.14,3853.29,3878.46,3794.33,,-0.4
2023-01-04,3852.97,3840.36,3873.16,3815.77,,0.75
2023-01-05,3808.1,3839.74,3839.74,3802.42,,-1.16
2023-01-06,3895.08,3823.37,3906.19,3809.56,,2.28
2023-01-09,3892.09,3910.82,3950.57,3890.42,,-0.08
2023-01-10,3919.25,3888.57,3919.83,3877.29,,0.7
2023-01-11,3969.61,3932.35,3970.07,3928.54,,1.28
2023-01-12,3983.17,3977.57,3997.76,3937.56,,0.34
2023-01-13,3999.09,3960.6,4003.95,3947.67,,0.4
2023-01-17,3990.97,3999.28,4015.39,3984.57,,-0.2
2023-01-18,3928.86,4002.25,4014.16,3926.59,,-1.56
2023-01-19,3898.85,3911.84,3922.94,3885.54,,-0.76
2023-01-20,3972.61,3909.04,3972.96,3897.86,,1.89
2023-01-23,4019.81,3978.14,4039.31,3971.64,,1.19
2023-01-24,4016.95,4001.74,4023.92,3989.79,,-0.07
2023-01-25,4016.22,3982.71,4019.55,3949.06,,-0.02
2023-01-26,4060.43,4036.08,4061.57,4013.29,,1.1
2023-01-27,4070.56,4053.72,4094.21,4048.7,,0.25
2023-01-30,4017.77,4049.27,4063.85,4015.55,,-1.3
2023-01-31,4076.6,4020.85,4077.16,4020.44,,1.46
2023-02-01,4119.21,4070.07,4148.95,4037.2,,1.05
2023-02-02,4179.76,4158.68,4195.44,4141.88,,1.47
2023-02-03,4136.48,4136.69,4182.36,4123.36,,-1.04
2023-02-06,4111.08,4119.57,4124.63,4093.38,,-0.61
2023-02-07,4164.0,4105.35,4176.54,4088.39,,1.29
2023-02-08,4117.86,4153.47,4156.85,4111.67,,-1.11
2023-02-09,4081.5,4144.25,4156.23,4069.67,,-0.88
2023-02-10,4090.46,4068.92,4094.36,4060.79,,0.22
2023-02-13,4137.29,4096.62,4138.9,4092.67,,1.14
2023-02-14,4136.13,4126.7,4159.77,4095.01,,-0.03
2023-02-15,4147.6,4119.5,4148.11,4103.98,,0.28
2023-02-16,4090.41,4114.75,4136.54,4089.49,,-1.38
2023-02-17,4079.09,4077.39,4081.51,4047.95,,-0.28
2023-02-21,3997.34,4052.35,4052.35,3995.19,,-2.0
2023-02-22,3991.05,4001.83,4017.37,3976.9,,-0.16
2023-02-23,4012.32,4018.6,4028.3,3969.19,,0.53
2023-02-24,3970.04,3973.24,3978.25,3943.08,,-1.05
2023-02-27,3982.24,3992.36,4018.05,3973.55,,0.31
2023-02-28,3970.15,3977.19,3997.5,3968.98,,-0.3
2023-03-01,3951.39,3963.34,3971.73,3939.05,,-0.47
2023-03-02,3981.35,3938.68,3990.84,3928.16,,0.76
2023-03-03,4045.64,3998.02,4048.29,3995.17,,1.61
2023-03-06,4048.42,4055.15,4078.49,4044.61,,0.07
2023-03-07,3986.37,4048.26,4050.0,3980.31,,-1.53
2023-03-08,3992.01,3987.55,4000.41,3969.76,,0.14
2023-03-09,3918.32,3998.66,4017.81,3908.7,,-1.85
2023-03-10,3861.59,3912.77,3934.05,3846.32,,-1.45
2023-03-13,3855.76,3835.12,3905.05,3808.86,,-0.15
2023-03-14,3919.29,3894.01,3937.29,3873.63,,1.65
2023-03-15,3891.93,3876.74,3894.26,3838.24,,-0.7
2023-03-16,3960.28,3878.93,3964.46,3864.11,,1.76
2023-03-17,3916.64,3958.69,3958.91,3901.27,,-1.1
2023-03-20,3951.57,3917.47,3956.62,3916.89,,0.89
2023-03-21,4002.87,3975.89,4009.08,3971.19,,1.3
2023-03-22,3936.97,4002.04,4039.49,3936.17,,-1.65
2023-03-23,3948.72,3959.21,4007.66,3919.05,,0.3
2023-03-24,3970.99,3939.21,3972.74,3909.16,,0.56
2023-03-27,3977.53,3982.93,4003.83,3970.49,,0.16
2023-03-28,3971.27,3974.13,3979.2,3951.53,,-0.16
2023-03-29,4027.81,3999.53,4030.59,3999.53,,1.42
2023-03-30,4050.83,4046.74,4057.85,4032.1,,0.57
2023-03-31,4109.31,4056.18,4110.75,4056.18,,1.44
2023-04-03,4124.51,4102.2,4127.66,4098.79,,0.37
2023-04-04,4100.6,4128.03,4133.13,4086.87,,-0.58
2023-04-05,4090.38,4094.5,4099.69,4072.56,,-0.25
2023-04-06,4105.02,4081.15,4107.32,4069.84,,0.36
2023-04-10,4109.11,4085.2,4109.5,4072.55,,0.1
2023-04-11,4108.94,4110.29,4124.26,4102.61,,0.0
2023-04-12,4091.95,4121.72,4134.37,4086.94,,-0.41
2023-04-13,4146.22,4100.04,4150.26,4099.4,,1.33
2023-04-14,4137.64,4140.11,4163.19,4113.2,,-0.21
2023-04-17,4151.32,4137.17,4151.72,4123.18,,0.33
2023-04-18,4154.87,4164.26,4169.48,4140.36,,0.09
2023-04-19,4154.52,4139.33,4162.57,4134.49,,-0.01
2023-04-20,4129.79,4130.48,4148.57,4114.57,,-0.6
2023-04-21,4133.52,4132.14,4138.02,4113.86,,0.09
2023-04-24,4137.04,4132.07,4142.41,4117.77,,0.09
2023-04-25,4071.63,4126.43,4126.43,4071.38,,-1.58
2023-04-26,4055.99,4087.78,4089.67,4049.35,,-0.38
2023-04-27,4135.35,4075.29,4138.24,4075.29,,1.96
2023-04-28,4169.48,4129.63,4170.06,4127.18,,0.83
2023-05-01,4167.87,4166.79,4186.92,4164.12,,-0.04
2023-05-02,4119.58,4164.1,4164.1,4089.72,,-1.16
2023-05-03,4090.75,4122.25,4148.3,4088.86,,-0.7
2023-05-04,4061.22,4082.55,4082.61,4048.28,,-0.72
2023-05-05,4136.25,4084.73,4147.02,4084.73,,1.85
2023-05-08,4138.12,4136.98,4142.3,4123.81,,0.05
2023-05-09,4119.17,4124.25,4130.35,4116.65,,-0.46
2023-05-10,4137.64,4143.74,4154.28,4098.92,,0.45
2023-05-11,4130.62,4132.24,4132.8,4109.29,,-0.17
2023-05-12,4124.08,4138.54,4143.74,4099.12,,-0.16
2023-05-15,4136.28,4126.65,4141.25,4110.27,,0.3
2023-05-16,4109.9,4127.95,4135.54,4109.86,,-0.64
2023-05-17,4158.77,4122.85,4164.67,4113.62,,1.19
2023-05-18,4198.05,4157.68,4202.2,4153.5,,0.94
2023-05-19,4191.98,4204.15,4212.91,4180.2,,-0.14
2023-05-22,4192.63,4190.78,4209.22,4179.68,,0.02
2023-05-23,4145.58,4176.8,4185.68,4142.54,,-1.12
2023-05-24,4115.24,4132.96,4132.96,4103.98,,-0.73
2023-05-25,4151.28,4155.71,4165.74,4129.73,,0.88
2023-05-26,4205.45,4156.16,4212.87,4156.16,,1.3
2023-05-30,4205.52,4226.71,4231.1,4192.18,,0.0
2023-05-31,4179.83,4190.74,4195.44,4166.15,,-0.61
2023-06-01,4221.02,4183.03,4232.43,4171.64,,0.99
2023-06-02,4282.37,4241.01,4290.67,4241.01,,1.45
2023-06-05,4273.79,4282.99,4299.28,4266.82,,-0.2
2023-06-06,4283.85,4271.34,4288.33,4263.09,,0.24
2023-06-07,4267.52,4285.47,4299.19,4263.96,,-0.38
2023-06-08,4293.93,4268.69,4298.01,4261.07,,0.62
2023-06-09,4298.86,4304.88,4322.62,4291.7,,0.11
2023-06-12,4338.93,4308.32,4340.13,4304.37,,0.93
2023-06-13,4369.01,4352.61,4375.37,4349.31,,0.69
2023-06-14,4372.59,4366.29,4391.82,4337.85,,0.08
2023-06-15,4425.84,4365.33,4439.2,4362.6,,1.22
2023-06-16,4409.59,4440.95,4448.47,4407.44,,-0.37
2023-06-20,4388.71,4396.11,4400.15,4367.19,,-0.47
2023-06-21,4365.69,4380.01,4386.22,4360.14,,-0.52
2023-06-22,4381.89,4355.4,4382.25,4351.82,,0.37
2023-06-23,4348.33,4354.17,4366.55,4341.34,,-0.77
2023-06-26,4328.82,4344.84,4362.06,4328.08,,-0.45
2023-06-27,4378.41,4337.36,4384.42,4335.0,,1.15
2023-06-28,4376.86,4367.48,4390.35,4360.22,,-0.04
2023-06-29,4396.44,4374.94,4398.39,4371.97,,0.45
2023-06-30,4450.38,4422.44,4458.48,4422.44,,1.23
2023-07-03,4455.59,4450.48,4456.46,4442.29,,0.12
2023-07-05,4446.82,4442.04,4454.06,4436.61,,-0.2
2023-07-06,4411.59,4422.62,4422.62,4385.05,,-0.79
2023-07-07,4398.95,4404.54,4440.39,4397.4,,-0.29
2023-07-10,4409.53,4394.23,4412.6,4389.92,,0.24
2023-07-11,4439.26,4415.55,4443.64,4408.46,,0.67
2023-07-12,4472.16,4467.69,4488.34,4463.23,,0.74
2023-07-13,4510.04,4491.5,4517.38,4489.36,,0.85
2023-07-14,4505.42,4514.61,4527.76,4499.56,,-0.1
2023-07-17,4522.79,4508.86,4532.85,4504.9,,0.39
2023-07-18,4554.98,4521.78,4562.3,4514.59,,0.71
2023-07-19,4565.72,4563.87,4578.43,4557.48,,0.24
2023-07-20,4534.87,4554.38,4564.74,4527.56,,-0.68
2023-07-21,4536.34,4550.16,4555.0,4535.79,,0.03
2023-07-24,4554.64,4543.39,4563.41,4541.29,,0.4
2023-07-25,4567.46,4555.19,4580.62,4552.42,,0.28
2023-07-26,4566.75,4558.96,4582.47,4547.58,,-0.02
2023-07-27,4537.41,4598.26,4607.07,4528.56,,-0.64
2023-07-28,4582.23,4565.75,4590.16,4564.01,,0.99
2023-07-31,4588.96,4584.82,4594.22,4573.14,,0.15
2023-08-01,4576.73,4578.83,4584.62,4567.53,,-0.27
2023-08-02,4513.39,4550.93,4550.93,4505.75,,-1.38
2023-08-03,4501.89,4494.27,4519.49,4485.54,,-0.25
2023-08-04,4478.03,4513.96,4540.34,4474.55,,-0.53
2023-08-07,4518.44,4491.58,4519.84,4491.15,,0.9
2023-08-08,4499.38,4498.03,4503.31,4464.39,,-0.42
2023-08-09,4467.71,4501.57,4502.44,4461.33,,-0.7
2023-08-10,4468.83,4487.16,4527.37,4457.92,,0.03
2023-08-11,4464.05,4450.69,4476.23,4443.98,,-0.11
2023-08-14,4489.72,4458.13,4490.33,4453.44,,0.58
2023-08-15,4437.86,4478.87,4478.87,4432.19,,-1.16
2023-08-16,4404.33,4433.79,4449.95,4403.55,,-0.76
2023-08-17,4370.36,4416.32,4421.17,4364.83,,-0.77
2023-08-18,4369.71,4344.88,4381.82,4335.31,,-0.01
2023-08-21,4399.77,4380.28,4407.55,4360.3,,0.69
2023-08-22,4387.55,4415.33,4418.59,4382.77,,-0.28
2023-08-23,4436.01,4396.44,4443.18,4396.44,,1.1
2023-08-24,4376.31,4455.16,4458.3,4375.55,,-1.35
2023-08-25,4405.71,4389.38,4418.46,4356.29,,0.67
2023-08-28,4433.31,4426.03,4439.56,4414.98,,0.63
2023-08-29,4497.63,4432.75,4500.14,4431.68,,1.45
2023-08-30,4514.87,4500.34,4521.65,4493.59,,0.38
2023-08-31,4507.66,4517.01,4532.26,4507.39,,-0.16
2023-09-01,4515.77,4530.6,4541.25,4501.35,,0.18
2023-09-05,4496.83,4510.06,4514.29,4496.01,,-0.42
2023-09-06,4465.48,4490.35,4490.35,4442.38,,-0.7
2023-09-07,4451.14,4434.55,4457.81,4430.46,,-0.32
2023-09-08,4457.49,4451.3,4473.53,4448.38,,0.14
2023-09-11,4487.46,4480.98,4490.77,4467.89,,0.67
2023-09-12,4461.9,4473.27,4487.11,4456.83,,-0.57
2023-09-13,4467.44,4462.65,4479.39,4453.52,,0.12
2023-09-14,4505.1,4487.78,4511.99,4478.69,,0.84
2023-09-15,4450.32,4497.98,4497.98,4447.21,,-1.22
2023-09-18,4453.53,4445.13,4466.36,4442.11,,0.07
2023-09-19,4443.95,4445.41,4449.85,4416.61,,-0.22
2023-09-20,4402.2,4452.81,4461.03,4401.38,,-0.94
2023-09-21,4330.0,4374.36,4375.7,4329.17,,-1.64
2023-09-22,4320.06,4341.74,4357.4,4316.49,,-0.23
2023-09-25,4337.44,4310.62,4338.51,4302.7,,0.4
2023-09-26,4273.53,4312.88,4313.01,4265.98,,-1.47
2023-09-27,4274.51,4282.63,4292.07,4238.63,,0.02
2023-09-28,4299.7,4269.65,4317.27,4264.38,,0.59
2023-09-29,4288.05,4328.18,4333.15,4274.86,,-0.27
2023-10-02,4288.39,4284.52,4300.58,4260.21,,0.01
2023-10-03,4229.45,4269.75,4281.15,4216.45,,-1.37
2023-10-04,4263.75,4233.83,4268.5,4220.48,,0.81
2023-10-05,4258.19,4259.31,4267.13,4225.91,,-0.13
2023-10-06,4308.5,4234.79,4324.1,4219.55,,1.18
2023-10-09,4335.66,4289.02,4341.73,4283.79,,0.63
2023-10-10,4358.24,4339.75,4385.46,4339.64,,0.52
2023-10-11,4376.95,4366.59,4378.64,4345.34,,0.43
2023-10-12,4349.61,4380.94,4385.85,4325.43,,-0.62
2023-10-13,4327.78,4360.49,4377.1,4311.97,,-0.5
2023-10-16,4373.63,4342.37,4383.33,4342.37,,1.06
2023-10-17,4373.2,4345.23,4393.57,4337.54,,-0.01
2023-10-18,4314.6,4357.35,4364.2,4303.84,,-1.34
2023-10-19,4278.0,4321.36,4339.54,4269.69,,-0.85
2023-10-20,4224.16,4273.85,4276.56,4223.03,,-1.26
2023-10-23,4217.04,4210.4,4255.84,4189.22,,-0.17
2023-10-24,4247.68,4235.79,4259.38,4219.43,,0.73
2023-10-25,4186.77,4232.42,4232.42,4181.42,,-1.43
2023-10-26,4137.23,4175.99,4183.6,4127.9,,-1.18
2023-10-27,4117.37,4152.93,4156.7,4103.78,,-0.48
2023-10-30,4166.82,4139.39,4177.47,4132.94,,1.2
2023-10-31,4193.8,4171.33,4195.55,4153.12,,0.65
2023-11-01,4237.86,4201.27,4245.64,4197.74,,1.05
2023-11-02,4317.78,4268.26,4319.72,4268.26,,1.89
2023-11-03,4358.34,4334.23,4373.62,4334.23,,0.94
2023-11-06,4365.98,4364.27,4372.21,4347.53,,0.18
2023-11-07,4378.38,4366.21,4386.26,4355.41,,0.28
2023-11-08,4382.78,4384.37,4391.2,4359.76,,0.1
2023-11-09,4347.35,4391.41,4393.4,4343.94,,-0.81
2023-11-10,4415.24,4364.15,4418.03,4353.34,,1.56
2023-11-13,4411.55,4406.66,4421.76,4393.82,,-0.08
2023-11-14,4495.7,4458.97,4508.67,4458.97,,1.91
2023-11-15,4502.88,4505.3,4521.17,4495.31,,0.16
2023-11-16,4508.24,4497.08,4511.99,4487.83,,0.12
2023-11-17,4514.02,4509.55,4520.12,4499.66,,0.13
2023-11-20,4547.38,4511.7,4557.11,4510.36,,0.74
2023-11-21,4538.19,4538.77,4542.14,4525.51,,-0.2
2023-11-22,4556.62,4553.04,4568.43,4545.05,,0.41
2023-11-24,4559.34,4555.84,4560.31,4552.8,,0.06
2023-11-27,4550.43,4554.86,4560.52,4546.32,,-0.2
2023-11-28,4554.89,4545.55,4568.14,4540.51,,0.1
2023-11-29,4550.58,4571.84,4587.64,4547.15,,-0.09
2023-11-30,4567.8,4554.87,4569.89,4537.24,,0.38
2023-12-01,4594.63,4559.43,4599.39,4554.71,,0.59
2023-12-04,4569.78,4564.37,4572.37,4546.72,,-0.54
2023-12-05,4567.18,4557.25,4578.56,4551.68,,-0.06
2023-12-06,4549.34,4586.23,4590.74,4546.5,,-0.39
2023-12-07,4585.59,4568.84,4590.92,4565.22,,0.8
2023-12-08,4604.37,4576.2,4609.23,4574.06,,0.41
2023-12-11,4622.44,4593.39,4623.71,4593.39,,0.39
2023-12-12,4643.7,4618.3,4643.93,4608.09,,0.46
2023-12-13,4707.09,4646.2,4709.69,4643.23,,1.37
2023-12-14,4719.55,4721.04,4738.57,4694.34,,0.26
2023-12-15,4719.19,4714.23,4725.53,4704.69,,-0.01
2023-12-18,4740.56,4725.58,4749.52,4725.58,,0.45
2023-12-19,4768.37,4743.72,4768.69,4743.72,,0.59
2023-12-20,4698.35,4764.73,4778.01,4697.82,,-1.47
2023-12-21,4746.75,4724.29,4748.71,4708.35,,1.03
2023-12-22,4754.63,4753.92,4772.94,4736.77,,0.17
2023-12-26,4774.75,4758.86,4784.72,4758.45,,0.42
2023-12-27,4781.58,4773.45,4785.39,4768.9,,0.14
2023-12-28,4783.35,4786.44,4793.3,4780.98,,0.04
2023-12-29,4769.83,4782.88,4788.43,4751.99,,-0.28
2024-01-02,4742.83,4745.2,4754.33,4722.67,,-0.57
2024-01-03,4704.81,4725.07,4729.29,4699.71,,-0.8
2024-01-04,4688.68,4697.42,4726.78,4687.53,,-0.34
2024-01-05,4697.24,4690.57,4721.49,4682.11,,0.18
2024-01-08,4763.54,4703.7,4764.54,4699.82,,1.41
2024-01-09,4756.5,4741.93,4765.47,4730.35,,-0.15
2024-01-10,4783.45,4759.94,4790.8,4756.2,,0.57
2024-01-11,4780.24,4792.13,4798.5,4739.58,,-0.07
2024-01-12,4783.83,4791.18,4802.4,4768.98,,0.08
2024-01-16,4765.98,4772.35,4782.34,4747.12,,-0.37
2024-01-17,4739.21,4739.13,4744.23,4714.82,,-0.56
2024-01-18,4780.94,4760.1,4785.79,4740.57,,0.88
2024-01-19,4839.81,4796.28,4842.07,4785.87,,1.23
2024-01-22,4850.43,4853.42,4868.41,4844.05,,0.22
2024-01-23,4864.6,4856.8,4866.48,4844.37,,0.29
2024-01-24,4868.55,4888.56,4903.68,4865.94,,0.08
2024-01-25,4894.16,4886.66,4898.15,4869.34,,0.53
2024-01-26,4890.97,4888.91,4906.69,4881.47,,-0.07
2024-01-29,4927.93,4892.95,4929.31,4887.4,,0.76
2024-01-30,4924.97,4925.89,4931.09,4916.27,,-0.06
2024-01-31,4845.65,4899.19,4906.75,4845.15,,-1.61
2024-02-01,4906.19,4861.11,4906.97,4853.52,,1.25
2024-02-02,4958.61,4916.06,4975.29,4907.99,,1.07
2024-02-05,4942.81,4957.19,4957.19,4918.09,,-0.32
2024-02-06,4954.23,4950.16,4957.77,4934.88,,0.23
2024-02-07,4995.06,4973.05,4999.89,4969.05,,0.82
2024-02-08,4997.91,4995.16,5000.4,4987.09,,0.06
2024-02-09,5026.61,5004.17,5030.06,5000.34,,0.57
2024-02-12,5021.84,5026.83,5048.39,5016.83,,-0.09
2024-02-13,4953.17,4967.94,4971.3,4920.31,,-1.37
2024-02-14,5000.62,4976.44,5002.52,4956.45,,0.96
2024-02-15,5029.73,5003.14,5032.72,4999.44,,0.58
2024-02-16,5005.57,5031.13,5038.7,4999.52,,-0.48
2024-02-20,4975.51,4989.32,4993.71,4955.02,,-0.6
2024-02-21,4981.8,4963.03,4983.21,4946.0,,0.13
2024-02-22,5087.03,5038.83,5094.39,5038.83,,2.11
2024-02-23,5088.8,5100.92,5111.06,5081.46,,0.03
2024-02-26,5069.53,5093.0,5097.66,5068.91,,-0.38
2024-02-27,5078.18,5074.6,5080.69,5057.29,,0.17
2024-02-28,5069.76,5067.2,5077.37,5058.35,,-0.17
2024-02-29,5096.27,5085.36,5104.99,5061.89,,0.52
2024-03-01,5137.08,5098.51,5140.33,5094.16,,0.8
2024-03-04,5130.95,5130.99,5149.67,5127.18,,-0.12
2024-03-05,5078.65,5110.52,5114.54,5056.82,,-1.02
2024-03-06,5104.76,5108.03,5127.97,5092.22,,0.51
2024-03-07,5157.36,5132.38,5165.62,5128.21,,1.03
2024-03-08,5123.69,5164.46,5189.26,5117.5,,-0.65
2024-03-11,5117.94,5111.96,5124.66,5091.14,,-0.11
2024-03-12,5175.27,5134.3,5179.87,5114.48,,1.12
2024-03-13,5165.31,5173.49,5179.14,5151.88,,-0.19
2024-03-14,5150.48,5175.14,5176.85,5123.3,,-0.29
2024-03-15,5117.09,5123.31,5136.86,5104.35,,-0.65
2024-03-18,5149.42,5154.77,5175.6,5145.47,,0.63
2024-03-19,5178.51,5139.09,5180.31,5131.59,,0.56
2024-03-20,5224.62,5181.69,5226.19,5171.55,,0.89
2024-03-21,5241.53,5253.43,5261.1,5240.66,,0.32
2024-03-22,5234.18,5242.48,5246.09,5229.87,,-0.14
2024-03-25,5218.19,5219.52,5229.09,5216.09,,-0.31
2024-03-26,5203.58,5228.85,5235.16,5203.42,,-0.28
2024-03-27,5248.49,5226.31,5249.26,5213.92,,0.86
2024-03-28,5254.35,5248.03,5264.85,5245.82,,0.11
2024-04-01,5243.77,5257.97,5263.95,5229.2,,-0.2
2024-04-02,5205.81,5204.29,5208.34,5184.05,,-0.72
2024-04-03,5211.49,5194.37,5228.75,5194.37,,0.11
2024-04-04,5147.21,5244.05,5256.59,5146.06,,-1.23
2024-04-05,5204.34,5158.95,5222.18,5157.21,,1.11
2024-04-08,5202.39,5211.37,5219.57,5197.35,,-0.04
2024-04-09,5209.91,5217.03,5224.81,5160.78,,0.14
2024-04-10,5160.64,5167.88,5178.43,5138.7,,-0.95
2024-04-11,5199.06,5172.95,5211.78,5138.77,,0.74
2024-04-12,5123.41,5171.51,5175.03,5107.94,,-1.46
2024-04-15,5061.82,5149.67,5168.43,5052.47,,-1.2
2024-04-16,5051.41,5064.59,5079.84,5039.83,,-0.21
2024-04-17,5022.21,5068.97,5077.96,5007.25,,-0.58
2024-04-18,5011.12,5031.52,5056.66,5001.89,,-0.22
2024-04-19,4967.23,5005.44,5019.02,4953.56,,-0.88
2024-04-22,5010.6,4987.33,5038.84,4969.4,,0.87
2024-04-23,5070.55,5028.85,5076.12,5027.96,,1.2
2024-04-24,5071.63,5084.86,5089.48,5047.02,,0.02
2024-04-25,5048.42,5019.88,5057.75,4990.58,,-0.46
2024-04-26,5099.96,5084.65,5114.62,5073.14,,1.02
2024-04-29,5116.17,5114.13,5123.49,5088.65,,0.32
2024-04-30,5035.69,5103.78,5110.83,5035.31,,-1.57
2024-05-01,5018.39,5029.03,5096.12,5013.45,,-0.34
2024-05-02,5064.2,5049.32,5073.21,5011.05,,0.91
2024-05-03,5127.79,5122.78,5139.12,5101.22,,1.26
2024-05-06,5180.74,5142.42,5181.0,5142.42,,1.03
2024-05-07,5187.7,5187.2,5200.23,5178.96,,0.13
2024-05-08,5187.67,5168.98,5191.95,5165.86,,0.0
2024-05-09,5214.08,5189.03,5215.3,5180.41,,0.51
2024-05-10,5222.68,5225.49,5239.66,5209.68,,0.16
2024-05-13,5221.42,5233.08,5237.26,5211.16,,-0.02
2024-05-14,5246.68,5221.1,5250.37,5217.98,,0.48
2024-05-15,5308.15,5263.26,5311.76,5263.26,,1.17
2024-05-16,5297.1,5310.07,5325.49,5296.19,,-0.21
2024-05-17,5303.27,5303.1,5305.45,5283.59,,0.12
2024-05-20,5308.13,5305.35,5325.32,5302.4,,0.09
2024-05-21,5321.41,5298.69,5324.32,5297.87,,0.25
2024-05-22,5307.01,5319.28,5323.18,5286.01,,-0.27
2024-05-23,5267.84,5340.26,5341.88,5256.93,,-0.74
2024-05-24,5304.72,5281.45,5311.65,5278.39,,0.7
2024-05-28,5306.04,5315.91,5315.91,5280.89,,0.02
2024-05-29,5266.95,5278.73,5282.27,5262.7,,-0.74
2024-05-30,5235.48,5259.77,5260.21,5222.1,,-0.6
2024-05-31,5277.51,5243.21,5280.33,5191.68,,0.8
2024-06-03,5283.4,5297.15,5302.11,5234.32,,0.11
2024-06-04,5291.34,5278.24,5298.8,5257.63,,0.15
2024-06-05,5354.03,5314.48,5354.16,5297.64,,1.18
2024-06-06,5352.96,5357.8,5362.35,5335.36,,-0.02
2024-06-07,5346.99,5343.81,5375.08,5331.33,,-0.11
2024-06-10,5360.79,5341.22,5365.79,5331.52,,0.26
2024-06-11,5375.32,5353.0,5375.95,5327.25,,0.27
2024-06-12,5421.03,5409.13,5447.25,5409.13,,0.85
2024-06-13,5433.74,5441.93,5441.93,5402.51,,0.23
2024-06-14,5431.6,5424.08,5432.39,5403.75,,-0.04
2024-06-17,5473.23,5431.11,5488.5,5420.4,,0.77
2024-06-18,5487.03,5476.15,5490.38,5471.32,,0.25
2024-06-20,5473.17,5499.99,5505.53,5455.56,,-0.25
2024-06-21,5464.62,5466.77,5478.31,5452.03,,-0.16
2024-06-24,5447.87,5459.58,5490.66,5447.59,,-0.31
2024-06-25,5469.3,5460.73,5472.88,5446.56,,0.39
2024-06-26,5477.9,5460.71,5483.14,5451.87,,0.16
2024-06-27,5482.87,5473.59,5490.81,5467.54,,0.09
2024-06-28,5460.48,5488.48,5523.64,5451.12,,-0.41
2024-07-01,5475.09,5471.08,5479.55,5446.53,,0.27
2024-07-02,5509.01,5461.84,5509.69,5458.43,,0.62
2024-07-03,5537.02,5507.44,5539.27,5507.42,,0.51
2024-07-05,5567.19,5537.91,5570.33,5531.63,,0.54
2024-07-08,5572.85,5572.75,5583.11,5562.51,,0.1
2024-07-09,5576.98,5584.24,5590.75,5574.57,,0.07
2024-07-10,5633.91,5591.26,5635.39,5586.44,,1.02
2024-07-11,5584.54,5635.21,5642.45,5576.53,,-0.88
2024-07-12,5615.35,5590.76,5655.56,5590.44,,0.55
2024-07-15,5631.22,5638.16,5666.94,5614.75,,0.28
2024-07-16,5667.2,5644.09,5669.67,5639.02,,0.64
2024-07-17,5588.27,5610.07,5622.49,5584.81,,-1.39
2024-07-18,5544.59,5608.56,5614.05,5522.81,,-0.78
2024-07-19,5505.0,5543.37,5557.5,5497.04,,-0.71
2024-07-22,5564.41,5544.54,5570.36,5529.04,,1.08
2024-07-23,5555.74,5565.3,5585.34,5550.9,,-0.16
2024-07-24,5427.13,5505.84,5508.04,5419.98,,-2.31
2024-07-25,5399.22,5428.7,5491.59,5390.95,,-0.51
2024-07-26,5459.1,5433.67,5488.32,5430.7,,1.11
2024-07-29,5463.54,5476.55,5487.74,5444.44,,0.08
2024-07-30,5436.44,5478.73,5489.46,5401.7,,-0.5
2024-07-31,5522.3,5505.59,5551.51,5493.75,,1.58
2024-08-01,5446.68,5537.84,5566.16,5410.42,,-1.37
2024-08-02,5346.56,5376.63,5383.89,5302.03,,-1.84
2024-08-05,5186.33,5151.14,5250.89,5119.26,,-3.0
2024-08-06,5240.03,5206.42,5312.34,5193.56,,1.04
2024-08-07,5199.5,5293.13,5330.64,5195.54,,-0.77
2024-08-08,5319.31,5252.57,5328.03,5233.85,,2.3
2024-08-09,5344.16,5314.66,5358.67,5300.84,,0.47
2024-08-12,5344.39,5351.88,5371.2,5324.37,,0.0
2024-08-13,5434.43,5376.98,5436.5,5376.98,,1.68
2024-08-14,5455.21,5442.36,5463.22,5415.91,,0.38
2024-08-15,5543.22,5501.13,5546.23,5501.13,,1.61
2024-08-16,5554.25,5530.5,5561.98,5525.17,,0.2
2024-08-19,5608.25,5557.23,5608.3,5550.74,,0.97
2024-08-20,5597.12,5602.88,5620.51,5585.5,,-0.2
2024-08-21,5620.85,5603.09,5632.68,5591.57,,0.42
2024-08-22,5570.64,5637.77,5643.22,5560.95,,-0.89
2024-08-23,5634.61,5602.49,5641.82,5585.16,,1.15
2024-08-26,5616.84,5639.66,5651.62,5602.34,,-0.32
2024-08-27,5625.8,5602.89,5631.18,5593.48,,0.16
2024-08-28,5592.18,5624.51,5627.03,5560.95,,-0.6
2024-08-29,5591.96,5607.3,5646.95,5583.71,,0.0
2024-08-30,5648.4,5612.74,5651.37,5581.79,,1.01
2024-09-03,5528.93,5623.89,5623.89,5504.33,,-2.12
2024-09-04,5520.07,5506.68,5552.99,5503.66,,-0.16
2024-09-05,5503.41,5520.08,5546.3,5480.54,,-0.3
2024-09-06,5408.42,5507.33,5522.47,5402.62,,-1.73
2024-09-09,5471.05,5442.07,5484.2,5434.49,,1.16
2024-09-10,5495.52,5490.51,5497.91,5441.72,,0.45
2024-09-11,5554.13,5496.42,5560.41,5406.96,,1.07
2024-09-12,5595.76,5557.48,5600.71,5535.5,,0.75
2024-09-13,5626.02,5603.34,5636.27,5601.65,,0.54
2024-09-16,5633.09,5615.21,5636.05,5604.53,,0.13
2024-09-17,5634.58,5655.51,5670.81,5614.05,,0.03
2024-09-18,5618.26,5641.68,5689.75,5615.08,,-0.29
2024-09-19,5713.64,5702.63,5733.57,5686.42,,1.7
2024-09-20,5702.55,5709.64,5715.14,5674.49,,-0.19
2024-09-23,5718.57,5711.9,5725.36,5704.22,,0.28
2024-09-24,5732.93,5727.66,5735.32,5698.99,,0.25
2024-09-25,5722.26,5733.65,5741.03,5712.06,,-0.19
2024-09-26,5745.37,5762.22,5767.37,5721.01,,0.4
2024-09-27,5738.17,5755.36,5763.78,5727.34,,-0.13
2024-09-30,5762.48,5726.52,5765.14,5703.53,,0.42
2024-10-01,5708.75,5757.73,5757.73,5681.28,,-0.93
2024-10-02,5709.54,5698.14,5719.63,5674.0,,0.01
2024-10-03,5699.94,5698.19,5718.78,5677.37,,-0.17
2024-10-04,5751.07,5737.48,5753.21,5702.83,,0.9
2024-10-07,5695.94,5737.8,5739.34,5686.85,,-0.96
2024-10-08,5751.13,5719.14,5757.6,5714.56,,0.97
2024-10-09,5792.04,5751.8,5796.8,5745.02,,0.71
2024-10-10,5780.05,5778.36,5795.03,5764.76,,-0.21
2024-10-11,5815.03,5775.09,5822.13,5775.09,,0.61
2024-10-14,5859.85,5829.81,5871.41,5829.57,,0.77
2024-10-15,5815.26,5866.74,5870.36,5804.48,,-0.76
2024-10-16,5842.47,5816.58,5846.52,5808.34,,0.47
2024-10-17,5841.47,5875.62,5878.46,5840.25,,-0.02
2024-10-18,5864.67,5859.43,5872.17,5846.11,,0.4
2024-10-21,5853.98,5857.82,5866.92,5824.79,,-0.18
2024-10-22,5851.2,5832.7,5863.04,5821.17,,-0.05
2024-10-23,5797.42,5834.5,5834.85,5762.41,,-0.92
2024-10-24,5809.86,5817.8,5817.8,5784.92,,0.21
2024-10-25,5808.12,5826.75,5862.82,5799.98,,-0.03
2024-10-28,5823.52,5833.93,5842.92,5823.08,,0.27
2024-10-29,5832.92,5819.68,5847.19,5802.17,,0.16
2024-10-30,5813.67,5832.65,5850.94,5811.28,,-0.33
2024-10-31,5705.45,5775.34,5775.34,5702.86,,-1.86
2024-11-01,5728.8,5723.22,5772.52,5723.22,,0.41
2024-11-04,5712.69,5725.15,5741.43,5696.51,,-0.28
2024-11-05,5782.76,5722.43,5783.44,5722.1,,1.23
2024-11-06,5929.04,5864.89,5936.14,5864.89,,2.53
2024-11-07,5973.1,5947.21,5983.84,5947.21,,0.74
2024-11-08,5995.54,5976.76,6012.45,5976.76,,0.38
2024-11-11,6001.35,6008.86,6017.31,5986.69,,0.1
2024-11-12,5983.99,6003.6,6009.92,5960.08,,-0.29
2024-11-13,5985.38,5985.75,6008.19,5965.91,,0.02
2024-11-14,5949.17,5989.68,5993.88,5942.28,,-0.6
2024-11-15,5870.62,5912.79,5915.32,5853.01,,-1.32
2024-11-18,5893.62,5874.17,5908.12,5865.95,,0.39
2024-11-19,5916.98,5870.05,5923.51,5855.29,,0.4
2024-11-20,5917.11,5914.34,5920.67,5860.56,,0.0
2024-11-21,5948.71,5940.58,5963.32,5887.26,,0.53
2024-11-22,5969.34,5944.36,5972.9,5944.36,,0.35
2024-11-25,5987.37,5992.28,6020.75,5963.91,,0.3
2024-11-26,6021.63,6000.03,6025.42,5992.27,,0.57
2024-11-27,5998.74,6014.11,6020.16,5984.87,,-0.38
2024-11-29,6032.38,6003.98,6044.17,6003.98,,0.56
2024-12-02,6047.15,6040.11,6053.58,6035.33,,0.24
2024-12-03,6049.88,6042.97,6052.07,6033.39,,0.05
2024-12-04,6086.49,6069.39,6089.84,6061.06,,0.61
2024-12-05,6075.11,6089.03,6094.55,6072.9,,-0.19
2024-12-06,6090.27,6081.38,6099.97,6079.98,,0.25
2024-12-09,6052.85,6083.01,6088.51,6048.63,,-0.61
2024-12-10,6034.91,6057.59,6065.4,6029.89,,-0.3
2024-12-11,6084.19,6060.15,6092.59,6060.15,,0.82
2024-12-12,6051.25,6074.29,6079.68,6051.25,,-0.54
2024-12-13,6051.09,6068.17,6078.58,6035.77,,0.0
2024-12-16,6074.08,6063.79,6085.19,6059.14,,0.38
2024-12-17,6050.61,6052.55,6057.68,6035.19,,-0.39
2024-12-18,5872.16,6047.65,6070.67,5867.79,,-2.95
2024-12-19,5867.08,5912.71,5935.52,5866.07,,-0.09
2024-12-20,5930.85,5842.0,5982.06,5832.3,,1.09
2024-12-23,5974.07,5940.25,5978.25,5902.57,,0.73
2024-12-24,6040.04,5984.63,6040.1,5981.44,,1.1
2024-12-26,6037.59,6024.97,6049.75,6007.37,,-0.04
2024-12-27,5970.84,6006.17,6006.17,5932.95,,-1.11
2024-12-30,5906.94,5920.67,5940.79,5869.16,,-1.07
2024-12-31,5881.63,5919.74,5929.74,5868.86,,-0.43
2025-01-02,5868.55,5903.26,5935.09,5829.53,,-0.22
2025-01-03,5942.47,5891.07,5949.34,5888.66,,1.26
2025-01-06,5975.38,5982.81,6021.04,5960.01,,0.55
2025-01-07,5909.03,5993.26,6000.68,5890.68,,-1.11
2025-01-08,5918.25,5910.66,5927.89,5874.78,,0.16
2025-01-10,5827.04,5890.35,5890.35,5807.78,,-1.54
2025-01-13,5836.22,5782.02,5838.61,5773.31,,0.16
2025-01-14,5842.91,5859.27,5871.92,5805.42,,0.11
2025-01-15,5949.91,5905.21,5960.61,5905.21,,1.83
2025-01-16,5937.34,5963.61,5964.69,5930.72,,-0.21
2025-01-17,5996.66,5995.4,6014.96,5978.44,,1.0
2025-01-21,6049.24,6014.12,6051.51,6006.88,,0.88
2025-01-22,6086.37,6081.39,6100.81,6076.13,,0.61
2025-01-23,6118.71,6076.32,6118.73,6074.67,,0.53
2025-01-24,6101.24,6121.43,6128.18,6088.74,,-0.29
2025-01-27,6012.28,5969.04,6017.17,5962.92,,-1.46
2025-01-28,6067.7,6026.97,6074.54,5994.63,,0.92
2025-01-29,6039.31,6057.7,6062.83,6012.96,,-0.47
2025-01-30,6071.17,6050.75,6086.64,6027.46,,0.53
2025-01-31,6040.53,6096.79,6120.91,6030.93,,-0.5
2025-02-03,5994.57,5969.65,6022.13,5923.93,,-0.76
2025-02-04,6037.88,5998.14,6042.48,5990.87,,0.72
2025-02-05,6061.48,6020.45,6062.86,6007.06,,0.39
2025-02-06,6083.57,6072.22,6084.03,6046.83,,0.36
2025-02-07,6025.99,6083.13,6101.28,6019.96,,-0.95
2025-02-10,6066.44,6046.4,6073.38,6044.84,,0.67
2025-02-11,6068.5,6049.32,6076.28,6042.34,,0.03
2025-02-12,6051.97,6025.08,6063.0,6003.0,,-0.27
2025-02-13,6115.07,6060.59,6116.91,6050.95,,1.04
2025-02-14,6114.63,6115.52,6127.47,6107.62,,-0.01
2025-02-18,6129.58,6121.6,6129.63,6099.51,,0.24
2025-02-19,6144.15,6117.76,6147.43,6111.15,,0.24
2025-02-20,6117.52,6134.5,6134.5,6084.59,,-0.43
2025-02-21,6013.13,6114.1,6114.82,6008.56,,-1.71
2025-02-24,5983.25,6026.69,6043.65,5977.83,,-0.5
2025-02-25,5955.25,5982.73,5992.65,5908.49,,-0.47
2025-02-26,5956.06,5970.87,6009.82,5932.69,,0.01
2025-02-27,5861.57,5981.88,5993.69,5858.78,,-1.59
2025-02-28,5954.5,5856.74,5959.4,5837.66,,1.59
2025-03-03,5849.72,5968.33,5986.09,5810.91,,-1.76
2025-03-04,5778.15,5811.98,5865.08,5732.59,,-1.22
2025-03-05,5842.63,5781.36,5860.59,5742.35,,1.12
2025-03-06,5738.52,5785.87,5812.08,5711.64,,-1.78
2025-03-07,5770.2,5726.01,5783.01,5666.29,,0.55
2025-03-10,5614.56,5705.37,5705.37,5564.02,,-2.7
2025-03-11,5572.07,5603.65,5636.3,5528.41,,-0.76
2025-03-12,5599.3,5624.84,5642.19,5546.09,,0.49
2025-03-13,5521.52,5594.45,5597.78,5504.65,,-1.39
2025-03-14,5638.94,5563.85,5645.27,5563.85,,2.13
2025-03-17,5675.12,5635.6,5703.52,5631.12,,0.64
2025-03-18,5614.66,5654.53,5654.53,5597.76,,-1.07
2025-03-19,5675.29,5632.37,5715.33,5622.2,,1.08
2025-03-20,5662.89,5646.92,5711.15,5632.33,,-0.22
2025-03-21,5667.56,5630.73,5670.84,5603.1,,0.08
2025-03-24,5767.57,5718.08,5775.14,5718.08,,1.76
2025-03-25,5776.65,5775.96,5786.95,5760.42,,0.16
2025-03-26,5712.2,5771.66,5783.62,5694.41,,-1.12
2025-03-27,5693.31,5695.64,5732.28,5670.94,,-0.33
2025-03-28,5580.94,5679.2,5685.89,5572.42,,-1.97
2025-03-31,5611.85,5527.91,5627.56,5488.73,,0.55
2025-04-01,5633.07,5597.53,5650.57,5558.52,,0.38
2025-04-02,5670.97,5580.76,5695.31,5571.48,,0.67
2025-04-03,5396.52,5492.74,5499.53,5390.83,,-4.84
2025-04-04,5074.08,5292.14,5292.14,5069.9,,-5.97
2025-04-07,5062.25,4953.79,5246.57,4835.04,,-0.23
2025-04-08,4982.77,5193.57,5267.47,4910.42,,-1.57
2025-04-09,5456.9,4965.28,5481.34,4948.43,,9.52
2025-04-10,5268.05,5353.15,5353.15,5115.27,,-3.46
2025-04-11,5363.36,5255.56,5381.46,5220.77,,1.81
2025-04-14,5405.97,5441.96,5459.46,5358.02,,0.79
2025-04-15,5396.63,5411.99,5450.41,5386.44,,-0.17
2025-04-16,5275.7,5335.75,5367.24,5220.79,,-2.24
2025-04-17,5282.7,5305.45,5328.31,5255.58,,0.13
2025-04-21,5158.2,5232.94,5232.94,5101.63,,-2.36
2025-04-22,5287.76,5207.67,5309.61,5207.67,,2.51
2025-04-23,5375.86,5395.92,5469.69,5356.17,,1.67
2025-04-24,5484.77,5381.38,5489.4,5371.96,,2.03
2025-04-25,5525.21,5489.73,5528.11,5455.86,,0.74
2025-04-28,5528.75,5529.22,5553.66,5468.64,,0.06
2025-04-29,5560.83,5508.87,5571.95,5505.7,,0.58
2025-04-30,5569.06,5499.44,5581.84,5433.24,,0.15
2025-05-01,5604.14,5625.14,5658.91,5597.35,,0.63
2025-05-02,5686.67,5645.88,5700.7,5642.28,,1.47
2025-05-05,5650.38,5655.32,5683.38,5634.48,,-0.64
2025-05-06,5606.91,5605.87,5649.58,5586.04,,-0.77
2025-05-07,5631.28,5614.18,5654.73,5578.64,,0.43
2025-05-08,5663.94,5663.6,5720.1,5635.38,,0.58
2025-05-09,5659.91,5679.65,5691.69,5644.15,,-0.07
2025-05-12,5844.19,5807.2,5845.37,5786.08,,3.26
2025-05-13,5886.55,5854.15,5906.64,5845.02,,0.72
2025-05-14,5892.58,5896.74,5906.55,5872.11,,0.1
2025-05-15,5916.93,5869.82,5924.21,5865.16,,0.41
2025-05-16,5958.38,5929.09,5958.62,5907.36,,0.7
2025-05-19,5963.6,5902.88,5968.61,5895.69,,0.09
2025-05-20,5940.46,5944.66,5953.06,5909.26,,-0.39
2025-05-21,5844.61,5910.18,5938.37,5830.91,,-1.61
2025-05-22,5842.01,5841.26,5878.08,5825.82,,-0.04
2025-05-23,5802.82,5781.89,5829.51,5767.41,,-0.67
2025-05-27,5921.54,5854.07,5924.33,5854.07,,2.05
2025-05-28,5888.55,5925.54,5939.92,5881.88,,-0.56
2025-05-29,5912.17,5939.96,5943.13,5873.8,,0.4
2025-05-30,5911.69,5903.67,5922.14,5843.66,,-0.01
2025-06-02,5935.94,5896.68,5937.4,5861.43,,0.41
2025-06-03,5970.37,5938.56,5981.35,5929.0,,0.58
2025-06-04,5970.81,5978.94,5990.48,5966.11,,0.01
2025-06-05,5939.3,5985.67,5999.7,5921.2,,-0.53
2025-06-06,6000.36,5987.06,6016.87,5978.63,,1.03
2025-06-09,6005.88,6004.63,6021.31,5994.18,,0.09
2025-06-10,6038.81,6009.91,6043.01,6000.28,,0.55
2025-06-11,6022.24,6049.38,6059.4,6002.32,,-0.27
2025-06-12,6045.26,6009.9,6045.43,6003.88,,0.38
2025-06-13,5976.97,6000.56,6026.16,5963.21,,-1.13
2025-06-16,6033.11,6004.0,6050.83,6004.0,,0.94
2025-06-17,5982.72,6012.15,6023.25,5974.8,,-0.84
2025-06-18,5980.87,5987.93,6018.25,5971.89,,-0.03
2025-06-20,5967.84,5999.67,6018.2,5952.56,,-0.22
2025-06-23,6025.17,5969.67,6028.77,5943.23,,0.96
2025-06-24,6092.18,6061.21,6101.76,6059.25,,1.11
2025-06-25,6092.16,6104.23,6108.51,6080.09,,0.0
2025-06-26,6141.02,6112.09,6146.52,6107.27,,0.8
2025-06-27,6173.07,6150.7,6187.68,6132.35,,0.52
2025-06-30,6204.95,6193.36,6215.08,6174.97,,0.52
2025-07-01,6198.01,6187.25,6210.78,6177.97,,-0.11
2025-07-02,6227.42,6193.88,6227.6,6188.29,,0.47
2025-07-03,6279.35,6246.46,6284.65,6246.46,,0.83
2025-07-07,6229.98,6259.04,6262.07,6201.0,,-0.79
2025-07-08,6225.52,6234.03,6242.7,6217.75,,-0.07
2025-07-09,6263.26,6243.33,6269.16,6231.43,,0.61
2025-07-10,6280.46,6266.8,6290.22,6251.44,,0.27
2025-07-11,6259.75,6255.68,6269.44,6237.6,,-0.33
2025-07-14,6268.56,6255.15,6273.31,6239.22,,0.14
2025-07-15,6243.76,6295.29,6302.04,6241.68,,-0.4
2025-07-16,6263.7,6254.5,6268.12,6201.59,,0.32
2025-07-17,6297.36,6263.4,6304.69,6262.27,,0.54
2025-07-18,6296.79,6312.95,6315.61,6285.27,,-0.01
2025-07-21,6305.6,6304.74,6336.08,6303.79,,0.14
2025-07-22,6309.62,6306.6,6316.12,6281.71,,0.06
2025-07-23,6358.91,6326.9,6360.64,6317.49,,0.78
2025-07-24,6363.35,6368.6,6381.31,6360.57,,0.07
2025-07-25,6388.64,6370.01,6395.82,6368.53,,0.4
2025-07-28,6389.77,6397.69,6401.07,6375.79,,0.02
2025-07-29,6370.86,6405.62,6409.26,6363.92,,-0.3
2025-07-30,6362.9,6381.23,6396.54,6336.38,,-0.12
2025-07-31,6339.39,6427.02,6427.02,6327.64,,-0.37
2025-08-01,6238.01,6287.28,6287.28,6212.69,,-1.6
2025-08-04,6329.94,6271.71,6330.69,6271.71,,1.47
2025-08-05,6299.19,6336.63,6346.0,6289.37,,-0.49
2025-08-06,6345.06,6309.3,6352.83,6301.11,,0.73
2025-08-07,6340.0,6374.32,6389.71,6310.32,,-0.08
2025-08-08,6389.45,6355.22,6395.16,6355.22,,0.78
2025-08-11,6373.45,6389.67,6407.25,6364.06,,-0.25
2025-08-12,6445.76,6395.17,6446.55,6385.76,,1.13
2025-08-13,6466.58,6462.67,6480.28,6445.02,,0.32
2025-08-14,6468.54,6453.46,6473.92,6441.07,,0.03
2025-08-15,6449.8,6477.38,6481.34,6441.85,,-0.29
2025-08-18,6449.15,6445.02,6455.35,6437.7,,-0.01
2025-08-19,6411.37,6446.24,6456.48,6400.22,,-0.59
2025-08-20,6395.78,6406.62,6408.4,6343.86,,-0.24
2025-08-21,6370.17,6380.83,6393.65,6352.71,,-0.4
2025-08-22,6466.91,6384.59,6478.89,6384.59,,1.52
2025-08-25,6439.32,6457.67,6466.89,6438.06,,-0.43
2025-08-26,6465.94,6435.49,6468.37,6429.21,,0.41
2025-08-27,6481.4,6462.26,6487.06,6457.84,,0.24
2025-08-28,6501.86,6483.84,6508.23,6466.96,,0.32
2025-08-29,6460.26,6489.28,6491.76,6444.57,,-0.64
2025-09-02,6415.54,6401.51,6416.54,6360.58,,-0.69
2025-09-03,6448.26,6445.82,6453.67,6416.17,,0.51
2025-09-04,6502.08,6456.6,6502.54,6445.98,,0.83
2025-09-05,6481.5,6529.08,6532.65,6443.98,,-0.32
2025-09-08,6495.15,6498.09,6508.67,6483.29,,0.21
2025-09-09,6512.61,6503.33,6518.23,6483.08,,0.27
2025-09-10,6532.04,6550.29,6555.97,6516.34,,0.3
2025-09-11,6587.47,6554.41,6592.89,6545.8,,0.85
2025-09-12,6584.29,6590.66,6600.21,6579.49,,-0.05
2025-09-15,6615.28,6603.49,6619.62,6602.07,,0.47
2025-09-16,6606.76,6624.13,6626.99,6600.11,,-0.13
2025-09-17,6600.35,6604.87,6624.39,6551.15,,-0.1
2025-09-18,6631.96,6626.85,6656.8,6611.89,,0.48
2025-09-19,6664.36,6647.11,6671.82,6630.31,,0.49
2025-09-22,6693.75,6654.28,6698.88,6648.07,,0.44
2025-09-23,6656.92,6692.44,6699.52,6645.58,,-0.55
2025-09-24,6637.97,6669.79,6672.66,6621.76,,-0.28
2025-09-25,6604.72,6608.19,6619.0,6569.22,,-0.5
2025-09-26,6643.7,6615.38,6648.97,6604.43,,0.59
2025-09-29,6661.21,6661.58,6677.31,6644.49,,0.26
2025-09-30,6688.46,6656.19,6691.25,6641.0,,0.41
2025-10-01,6711.2,6664.92,6718.48,6656.2,,0.34
2025-10-02,6715.35,6731.31,6731.94,6693.23,,0.06
2025-10-03,6715.79,6722.14,6750.87,6705.67,,0.01
2025-10-06,6740.28,6733.86,6749.52,6717.78,,0.36
2025-10-07,6714.59,6746.14,6754.49,6699.96,,-0.38
2025-10-08,6753.72,6723.87,6755.64,6718.09,,0.58
2025-10-09,6735.11,6760.5,6764.58,6716.17,,-0.28
2025-10-10,6552.51,6740.49,6762.4,6550.78,,-2.71
2025-10-13,6654.72,6622.53,6668.68,6620.71,,1.56
2025-10-14,6644.31,6602.49,6680.7,6555.07,,-0.16
2025-10-15,6671.06,6688.27,6724.12,6612.11,,0.4
2025-10-16,6629.07,6689.02,6709.34,6593.99,,-0.63
2025-10-17,6664.01,6613.27,6678.88,6603.76,,0.53
2025-10-20,6735.13,6690.05,6744.35,6690.05,,1.07
2025-10-21,6735.35,6736.75,6752.16,6722.03,,0.0
2025-10-22,6699.4,6741.34,6741.75,6655.69,,-0.53
2025-10-23,6738.44,6703.65,6749.53,6700.14,,0.58
2025-10-24,6791.69,6772.07,6807.11,6772.07,,0.79
2025-10-27,6875.16,6845.46,6877.28,6843.94,,1.23
2025-10-28,6890.89,6897.74,6911.3,6870.73,,0.23
2025-10-29,6890.59,6910.95,6920.34,6851.91,,0.0
2025-10-30,6822.34,6860.5,6880.75,6820.69,,-0.99
2025-10-31,6840.2,6879.17,6879.17,6814.26,,0.26
2025-11-03,6851.97,6882.32,6882.32,6820.62,,0.17
2025-11-04,6771.55,6788.52,6820.21,6766.71,,-1.17
2025-11-05,6796.29,6769.77,6829.78,6763.11,,0.37
2025-11-06,6720.32,6787.59,6796.68,6707.51,,-1.12
2025-11-07,6728.8,6696.18,6730.11,6631.44,,0.13
2025-11-10,6832.43,6785.36,6841.32,6770.56,,1.54
2025-11-11,6846.61,6815.64,6855.13,6806.87,,0.21
2025-11-12,6850.92,6867.77,6869.91,6829.62,,0.06
2025-11-13,6737.49,6826.47,6828.05,6724.72,,-1.66
2025-11-14,6734.11,6672.14,6774.31,6646.87,,-0.05
2025-11-17,6672.41,6713.61,6754.5,6638.9,,-0.92
2025-11-18,6617.32,6641.19,6666.63,6574.32,,-0.83
2025-11-19,6642.16,6625.84,6689.75,6603.5,,0.38
2025-11-20,6538.76,6737.93,6770.35,6534.05,,-1.56
2025-11-21,6602.99,6555.77,6660.05,6521.92,,0.98
2025-11-24,6705.12,6636.54,6715.75,6630.7,,1.55
2025-11-25,6765.88,6697.03,6776.4,6659.98,,0.91
2025-11-26,6812.61,6793.55,6831.44,6783.87,,0.69
2025-11-28,6849.09,6822.52,6850.86,6819.75,,0.54
2025-12-01,6812.63,6812.3,6843.65,6799.94,,-0.53
2025-12-02,6829.37,6830.96,6851.55,6806.71,,0.25
2025-12-03,6849.72,6815.29,6862.42,6810.43,,0.3
2025-12-04,6857.12,6866.47,6866.47,6827.12,,0.11
2025-12-05,6870.4,6866.32,6895.78,6858.29,,0.19
2025-12-08,6846.51,6875.2,6878.27,6827.19,,-0.35
2025-12-09,6840.51,6840.61,6864.92,6837.43,,-0.09
2025-12-10,6886.68,6833.49,6900.67,6824.69,,0.67
2025-12-11,6901.0,6861.3,6903.46,6833.45,,0.21
2025-12-12,6827.41,6886.85,6899.85,6801.79,,-1.07
2025-12-15,6816.51,6860.19,6861.59,6801.49,,-0.16
2025-12-16,6800.26,6800.12,6819.27,6759.74,,-0.24
2025-12-17,6721.43,6802.88,6812.26,6720.43,,-1.16
2025-12-18,6774.76,6778.06,6816.13,6758.5,,0.79
2025-12-19,6834.5,6792.62,6840.02,6792.62,,0.88
2025-12-22,6878.49,6865.21,6882.03,6855.74,,0.64
2025-12-23,6909.79,6872.41,6910.88,6868.81,,0.46
2025-12-24,6932.05,6904.91,6937.32,6904.91,,0.32
2025-12-26,6929.94,6936.02,6945.77,6921.6,,-0.03
2025-12-29,6905.74,6903.6,6920.21,6888.76,,-0.35
2025-12-30,6896.24,6900.44,6913.25,6893.47,,-0.14
2025-12-31,6845.5,6898.82,6901.42,6844.55,,-0.74
2026-01-02,6858.47,6878.11,6894.87,6824.31,,0.19
2026-01-05,6902.05,6892.19,6920.38,6891.56,,0.64
2026-01-06,6944.82,6908.03,6948.69,6904.02,,0.62
2026-01-07,6920.93,6945.07,6965.69,6919.19,,-0.34
2026-01-08,6921.46,6914.11,6931.28,6899.33,,0.01
2026-01-09,6966.28,6927.83,6978.36,6917.64,,0.65
2026-01-12,6977.27,6944.12,6986.33,6934.07,,0.16
2026-01-13,6963.74,6977.41,6985.83,6938.77,,-0.19
2026-01-14,6926.6,6937.41,6941.3,6885.74,,-0.53
2026-01-15,6944.47,6969.46,6979.34,6937.93,,0.26
2026-01-16,6940.01,6960.54,6967.3,6925.09,,-0.06
2026-01-20,6796.86,6865.24,6871.17,6789.05,,-2.06
2026-01-21,6875.62,6810.71,6910.39,6804.96,,1.16
2026-01-22,6913.35,6914.44,6934.75,6893.62,,0.55
2026-01-23,6915.61,6907.85,6932.96,6895.5,,0.03
2026-01-26,6950.23,6923.23,6964.66,6921.6,,0.5
2026-01-27,6978.6,6965.96,6988.82,6958.83,,0.41
2026-01-28,6978.03,7002.0,7002.28,6963.46,,-0.01
2026-01-29,6969.01,6977.74,6992.84,6870.8,,-0.13
2026-01-30,6939.03,6947.27,6964.09,6893.48,,-0.43
2026-02-02,6976.44,6916.64,6991.92,6914.34,,0.54
2026-02-03,6917.81,6985.45,6993.08,6862.05,,-0.84
2026-02-04,6882.72,6924.5,6936.09,6838.8,,-0.51
2026-02-05,6798.4,6837.39,6857.85,6780.13,,-1.23
2026-02-06,6932.3,6816.74,6944.89,6816.74,,1.97
2026-02-09,6964.82,6917.26,6980.1,6905.87,,0.47
2026-02-10,6941.81,6974.49,6986.83,6937.53,,-0.33
2026-02-11,6941.47,6976.48,6993.48,6911.97,,0.0
2026-02-12,6832.76,6957.54,6973.22,6824.04,,-1.57
2026-02-13,6836.17,6834.27,6881.96,6794.55,,0.05
2026-02-17,6843.22,6819.86,6866.99,6775.5,,0.1
2026-02-18,6881.31,6855.48,6909.12,6849.66,,0.56
2026-02-19,6861.89,6861.34,6879.12,6833.06,,-0.28
2026-02-20,6909.51,6843.26,6915.86,6836.33,,0.69
2026-02-23,6837.75,6901.25,6916.96,6819.82,,-1.04
2026-02-24,6890.07,6837.37,6899.17,6815.43,,0.77
2026-02-25,6946.13,6915.15,6952.51,6915.15,,0.81
2026-02-26,6908.86,6944.74,6947.25,6859.73,,-0.54
2026-02-27,6878.88,6856.54,6882.96,6831.74,,-0.43
2026-03-02,6881.62,6824.36,6901.01,6796.85,,0.04
2026-03-03,6816.63,6800.26,6840.05,6710.42,,-0.94
2026-03-04,6869.5,6831.69,6885.94,6811.64,,0.78
2026-03-05,6830.71,6851.08,6870.43,6770.78,,-0.56
2026-03-06,6740.02,6769.03,6773.42,6711.56,,-1.33
2026-03-09,6795.99,6699.8,6810.44,6636.04,,0.83
2026-03-10,6781.48,6796.56,6845.08,6759.74,,-0.21
2026-03-11,6775.8,6790.09,6811.15,6745.59,,-0.08
2026-03-12,6672.62,6740.88,6740.88,6670.4,,-1.52
2026-03-13,6632.19,6673.49,6733.3,6623.92,,-0.61
2026-03-16,6699.38,6674.37,6729.79,6674.37,,1.01
2026-03-17,6716.09,6722.35,6754.3,6710.8,,0.25
2026-03-18,6624.7,6697.16,6705.18,6621.66,,-1.36
2026-03-19,6606.49,6583.12,6636.74,6557.82,,-0.27
2026-03-20,6506.48,6594.66,6594.66,6473.52,,-1.51
2026-03-23,6581.0,6574.96,6651.62,6565.55,,1.15
2026-03-24,6556.37,6552.09,6595.75,6525.11,,-0.37
2026-03-25,6591.9,6598.35,6633.94,6568.41,,0.54
2026-03-26,6477.16,6555.86,6573.22,6473.79,,-1.74
2026-03-27,6368.85,6453.89,6453.89,6356.08,,-1.67
2026-03-30,6343.72,6403.37,6427.31,6316.91,,-0.39
2026-03-31,6528.52,6395.88,6539.05,6395.88,,2.91
2026-04-01,6575.32,6556.56,6609.67,6554.29,,0.72
2026-04-02,6582.69,6512.61,6601.91,6474.94,,0.11
2026-04-06,6611.83,6587.66,6618.13,6579.72,,0.44
2026-04-07,6616.85,6601.93,6618.26,6534.55,,0.08
2026-04-08,6782.81,6754.36,6793.5,6740.28,,2.51
2026-04-09,6824.66,6783.69,6835.31,6761.55,,0.62
2026-04-10,6816.89,6839.24,6845.77,6808.46,,-0.11
2026-04-13,6886.24,6806.47,6887.0,6790.02,,1.02
2026-04-14,6967.38,6910.2,6969.42,6905.17,,1.18
2026-04-15,7022.95,6978.17,7026.24,6967.13,,0.8
2026-04-16,7041.28,7037.78,7051.23,7008.52,,0.26
2026-04-17,7126.06,7074.55,7147.52,7074.55,,1.2
2026-04-20,7109.14,7117.05,7122.65,7084.41,,-0.24
2026-04-21,7064.01,7122.64,7137.27,7050.2,,-0.63
2026-04-22,7137.9,7102.91,7138.64,7102.91,,1.05
2026-04-23,7108.4,7118.8,7147.78,7046.55,,-0.41
2026-04-24,7165.08,7136.48,7168.59,7112.82,,0.8
2026-04-27,7173.91,7152.72,7178.74,7146.72,,0.12
2026-04-28,7138.8,7133.74,7152.52,7115.17,,-0.49
2026-04-29,7135.95,7131.61,7145.63,7107.86,,-0.04
2026-04-30,7209.01,7161.75,7219.83,7126.15,,1.02
2026-05-01,7230.12,7234.54,7272.52,7229.32,,0.29
2026-05-04,7200.75,7228.38,7244.54,7174.12,,-0.41
2026-05-05,7259.22,7233.62,7273.26,7233.62,,0.81
2026-05-06,7365.12,7294.14,7369.22,7294.14,,1.46
2026-05-07,7337.11,7376.78,7385.02,7321.25,,-0.38
2026-05-08,7398.93,7362.97,7401.5,7362.97,,0.84
2026-05-11,7412.84,7385.31,7428.97,7384.2,,0.19
2026-05-12,7400.96,7390.63,7409.57,7338.54,,-0.16
2026-05-13,7444.25,7409.12,7460.04,7375.13,,0.58
2026-05-14,7501.24,7454.4,7517.12,7454.4,,0.77
2026-05-15,7408.5,7445.11,7454.85,7397.5,,-1.24
2026-05-18,7403.05,7415.07,7434.06,7353.17,,-0.07
2026-05-19,7353.61,7375.75,7395.32,7333.68,,-0.67
2026-05-20,7432.97,7369.19,7435.69,7357.46,,1.08
2026-05-21,7445.72,7410.78,7465.96,7389.48,,0.17
2026-05-22,7473.47,7468.82,7506.32,7463.29,,0.37
2026-05-26,7519.12,7511.79,7539.09,7501.1,,0.61
2026-05-27,7520.36,7526.01,7530.72,7499.72,,0.02
2026-05-28,7563.63,7519.82,7568.72,7508.04,,0.58
2026-05-29,7580.06,7579.33,7599.38,7563.55,,0.22
2026-06-01,7599.96,7582.29,7617.66,7562.61,,0.26
2026-06-02,7609.78,7595.4,7620.9,7582.99,,0.13
2026-06-03,7553.68,7605.31,7605.35,7551.22,,-0.74
2026-06-04,7584.31,7516.54,7598.19,7516.54,,0.41
2026-06-05,7383.74,7537.36,7541.81,7368.63,,-2.64
2026-06-08,7405.73,7440.57,7466.81,7395.13,,0.3
2026-06-09,7386.65,7438.66,7483.15,7237.85,,-0.26
2026-06-10,7266.99,7350.54,7396.56,7265.93,,-1.62
2026-06-11,7394.3,7287.67,7412.68,7257.33,,1.75
2026-06-12,7431.46,7410.85,7456.4,7363.01,,0.5
2026-06-15,7554.29,7516.75,7577.92,7516.75,,1.65
2026-06-16,7511.35,7548.78,7564.96,7508.68,,-0.57
2026-06-17,7420.1,7524.5,7532.17,7402.61,,-1.21
2026-06-18,7500.58,7487.36,7511.07,7468.32,,1.08
2026-06-22,7472.79,7500.44,7530.01,7460.01,,-0.37
2026-06-23,7365.46,7366.51,7424.17,7347.6,,-1.44
